SKU,Quantity,Barcode,Title,UpdatedAt
1101-0001-0008,0,841298112682,"1101 Series U-Beam (1 Hole, 8mm Length)",2026-05-04 21:43:11
1101-0003-0024,0,841298112705,"1101 Series U-Beam (3 Hole, 24mm Length)",2026-05-04 21:43:11
1101-0005-0040,0,841298112729,"1101 Series U-Beam (5 Hole, 40mm Length)",2026-05-04 21:43:11
1101-0007-0056,0,841298112743,"1101 Series U-Beam (7 Hole, 56mm Length)",2026-05-04 21:43:11
1101-0008-0064,0,841298112750,"1101 Series U-Beam (8 Hole, 64mm Length)",2026-05-04 21:43:11
1101-0010-0080,0,841298112774,"1101 Series U-Beam (10 Hole, 80mm Length)",2026-05-04 21:43:11
1101-0021-0168,0,841298112842,"1101 Series U-Beam (21 Hole, 168mm Length)",2026-05-04 21:43:11
1101-0041-0328,0,841298112880,"1101 Series U-Beam (41 Hole, 328mm Length)",2026-05-04 21:43:11
1102-0006-0048,0,841298111357,"1102 Series Flat Beam (6 Hole, 48mm Length) - 2 Pack",2026-05-04 21:43:11
1102-0009-0072,0,841298111388,"1102 Series Flat Beam (9 Hole, 72mm Length) - 2 Pack",2026-05-04 21:43:11
1102-0013-0104,0,841298111425,"1102 Series Flat Beam (13 Hole, 104mm Length) - 2 Pack",2026-05-04 21:43:11
1102-0019-0152,0,841298111456,"1102 Series Flat Beam (19 Hole, 152mm Length) - 2 Pack",2026-05-04 21:43:11
1102-0021-0168,5,841298111463,"1102 Series Flat Beam (21 Hole, 168mm Length) - 2 Pack",2026-05-04 21:43:11
1102-0041-0328,0,841298111500,"1102 Series Flat Beam (41 Hole, 328mm Length) - 2 Pack",2026-05-04 21:43:11
1103-0005-0040,0,841298112934,"1103 Series L-Beam (5 Hole, 40mm Length) - 2 Pack",2026-05-04 21:43:11
1103-0007-0056,0,841298112958,"1103 Series L-Beam (7 Hole, 56mm Length) - 2 Pack",2026-05-04 21:43:11
1103-0019-0152,0,841298113047,"1103 Series L-Beam (19 Hole, 152mm Length) - 2 Pack",2026-05-04 21:43:11
1103-0029-0232,0,841298113078,"1103 Series L-Beam (29 Hole, 232mm Length) - 2 Pack",2026-05-04 21:43:11
1105-0004-0104,0,841298135193,"1105 Series Round-End Pattern Plate (4 Hole, 104mm Length)",2026-05-04 21:43:11
1106-0003-0024,0,841298113146,"1106 Series Square Beam (3 Hole, 24mm Length)",2026-05-04 21:43:11
1106-0006-0048,0,841298113177,"1106 Series Square Beam (6 Hole, 48mm Length)",2026-05-04 21:43:11
1106-0011-0088,0,841298113221,"1106 Series Square Beam (11 Hole, 88mm Length)",2026-05-04 21:43:11
1106-0013-0104,0,841298113245,"1106 Series Square Beam (13 Hole, 104mm Length)",2026-05-04 21:43:11
1106-0019-0152,0,841298113276,"1106 Series Square Beam (19 Hole, 152mm Length)",2026-05-04 21:43:11
1106-0033-0264,0,841298113313,"1106 Series Square Beam (33 Hole, 264mm Length)",2026-05-04 21:43:11
1108-0002-0003,0,841298117939,1108 Series Flat Pattern Bracket (2-3),2026-05-04 21:43:11
1109-0024-0043,0,841298115096,1109 Series goRAIL® (43mm Length),2026-05-04 21:43:11
1109-0024-0096,0,841298111623,1109 Series goRAIL® (96mm Length),2026-05-04 21:43:11
1109-0024-0192,0,841298111654,1109 Series goRAIL® (192mm Length),2026-05-04 21:43:11
1109-0024-0264,0,841298128713,1109 Series goRAIL® (264mm Length),2026-05-04 21:43:11
1109-0024-0336,0,841298111678,1109 Series goRAIL® (336mm Length),2026-05-04 21:43:11
1111-0001-0001,0,841298113405,1111 Series Angle Pattern Bracket (1-1),2026-05-04 21:43:11
1111-0004-0001,0,841298119629,1111 Series Angle Pattern Bracket (4-1),2026-05-04 21:43:11
1113-0001-0048,0,841298113436,"1113 Series L-Channel (1 Hole, 48mm Length)",2026-05-04 21:43:11
1116-0024-0040,0,841298112606,"1116 Series Grid Plate (3 x 5 Hole, 24 x 40mm)",2026-05-04 21:43:11
1116-0040-0056,0,841298112620,"1116 Series Grid Plate (5 x 7 Hole, 40 x 56mm)",2026-05-04 21:43:11
1117-0088-0352,0,841298140661,"Clear Polycarbonate Grid Plate (1.5mm Thickness, 11 x 44 Hole, 88 x 352mm)",2026-05-04 21:43:11
1117-0216-0352,0,841298139924,"Clear Polycarbonate Grid Plate (1.5mm Thickness, 27 x 44 Hole, 216 x 352mm)",2026-05-04 21:43:11
1118-0024-0043,0,841298115102,1118 Series Open goRAIL® (43mm Length),2026-05-04 21:43:11
1118-0024-0072,1,841298115126,1118 Series Open goRAIL (72mm Length),2026-05-04 21:43:11
1118-0024-0240,0,841298116413,1118 Series Open goRAIL® (240mm Length),2026-05-04 21:43:11
1118-0024-0288,0,841298115171,1118 Series Open goRAIL® (288mm Length),2026-05-04 21:43:11
1118-0024-0384,0,841298115195,1118 Series Open goRAIL® (384mm Length),2026-05-04 21:43:11
1118-0024-0912,0,841298115232,1118 Series Open goRAIL® (912mm Length),2026-05-04 21:43:11
1118-0024-1200,0,841298115249,1118 Series Open goRAIL® (1200mm Length),2026-05-04 21:43:11
1119-0003-0024,0,841298113481,"1119 Series Shaft Beam (3 Hole, 24mm Length)",2026-05-04 21:43:11
1119-0006-0048,0,841298113511,"1119 Series Shaft Beam (6 Hole, 48mm Length)",2026-05-04 21:43:11
1119-0007-0056,0,841298113528,"1119 Series Shaft Beam (7 Hole, 56mm Length)",2026-05-04 21:43:11
1119-0013-0104,0,841298113580,"1119 Series Shaft Beam (13 Hole, 104mm Length)",2026-05-04 21:43:11
1119-0035-0280,0,841298113658,"1119 Series Shaft Beam (35 Hole, 280mm Length)",2026-05-04 21:43:11
1120-0002-0072,0,841298115652,"1120 Series U-Channel (2 Hole, 72mm Length)",2026-05-04 21:43:11
1120-0005-0144,0,841298115683,"1120 Series U-Channel (5 Hole, 144mm Length)",2026-05-04 21:43:11
1120-0009-0240,0,841298115706,"1120 Series U-Channel (9 Hole, 240mm Length)",2026-05-04 21:43:11
1120-0010-0264,0,841298128461,"1120 Series U-Channel (10 Hole, 264mm Length)",2026-05-04 21:43:11
1120-0018-0456,0,841298128423,"1120 Series U-Channel (18 Hole, 456mm Length)",2026-05-04 21:43:11
1120-0049-1200,0,841298115829,"1120 Series U-Channel (49 Hole, 1200mm Length)",2026-05-04 21:43:11
1121-0002-0072,0,841298115843,"1121 Series Low-Side U-Channel (2 Hole, 72mm Length)",2026-05-04 21:43:11
1121-0004-0120,0,841298115867,"1121 Series Low-Side U-Channel (4 Hole, 120mm Length)",2026-05-04 21:43:11
1121-0006-0168,0,841298128416,"1121 Series Low-Side U-Channel (6 Hole, 168mm Length)",2026-05-04 21:43:11
1121-0007-0192,0,841298115881,"1121 Series Low-Side U-Channel (7 Hole, 192mm Length)",2026-05-04 21:43:11
1121-0008-0216,0,841298128409,"1121 Series Low-Side U-Channel (8 Hole, 216mm Length)",2026-05-04 21:43:11
1121-0018-0456,0,841298128355,"1121 Series Low-Side U-Channel (18 Hole, 456mm Length)",2026-05-04 21:43:11
1121-0021-0528,0,841298115942,"1121 Series Low-Side U-Channel (21 Hole, 528mm Length)",2026-05-04 21:43:11
1122-0005-0144,0,841298132833,"1122 Series Rail-Channel (5 Hole, 144mm Length)",2026-05-04 21:43:11
1122-0007-0192,0,841298132857,"1122 Series Rail-Channel (7 Hole, 192mm Length)",2026-05-04 21:43:11
1122-0009-0240,0,841298132871,"1122 Series Rail-Channel (9 Hole, 240mm Length)",2026-05-04 21:43:11
1122-0012-0312,0,841298132901,"1122 Series Rail-Channel (12 Hole, 312mm Length)",2026-05-04 21:43:11
1122-0045-1104,0,841298133038,"1122 Series Rail-Channel (45 Hole, 1104mm Length)",2026-05-04 21:43:11
1122-0049-1200,0,841298133045,"1122 Series Rail-Channel (49 Hole, 1200mm Length)",2026-05-04 21:43:11
1123-0043-0096,0,841298135230,"1123 Series Pattern Plate (1 x 3 Hole, 43 x 96mm)",2026-05-04 21:43:11
1123-0043-0240,0,841298135261,"1123 Series Pattern Plate (1 x 9 Hole, 43 x 240mm)",2026-05-04 21:43:11
1123-0048-0048,0,841298113450,"1123 Series Pattern Plate (1 x 1 Hole, 48 x 48mm)",2026-05-04 21:43:11
1123-0048-0240,0,841298119698,"1123 Series Pattern Plate (1 x 9 Hole, 48 x 240mm)",2026-05-04 21:43:11
1123-0096-0096,0,841298135490,"1123 Series Pattern Plate (3 x 3 Hole, 96 x 96mm)",2026-05-04 21:43:11
1126-0090-0001,0,,Steel Gusset-Plate (3 x 3 Hole) - 4 Pack,2026-05-04 21:43:11
1137-0002-0001,0,841298122131,1137 Series Steel Flat Grid Bracket (2-1) - 2 Pack,2026-05-04 21:43:11
1139-0040-0056,0,841298125101,"1139 Series Steel Grid Plates (5 x 7 Hole, 40 x 56mm) - 2 Pack",2026-05-04 21:43:11
1143-0003-0096,0,841298135698,"1143 Series Mini Low-Side U-Channel (3 Hole, 96mm Length)",2026-05-04 21:43:11
1143-0008-0216,0,841298135742,"1143 Series Mini Low-Side U-Channel (8 Hole, 216mm Length)",2026-05-04 21:43:11
1143-0012-0312,0,,"1143 Series Mini Low-Side U-Channel (12 Hole, 312mm Length)",2026-05-04 21:43:11
1143-0015-0384,0,841298135810,"1143 Series Mini Low-Side U-Channel (15 Hole, 384mm Length)",2026-05-04 21:43:11
1143-0017-0432,0,841298135834,"1143 Series Mini Low-Side U-Channel (17 Hole, 432mm Length)",2026-05-04 21:43:11
1147-0001-0001,0,841298140135,Threaded Steel L-Bracket (1 Hole) - 12 Pack,2026-05-04 21:43:11
1147-0001-0003,0,,Threaded Steel L-Bracket (3 Hole) - 4 Pack,2026-05-04 21:43:11
1200-0024-0001,0,841298118103,"1200 Series 1-Side, 2-Post Pattern Mount (24-1)",2026-05-04 21:43:11
1201-0024-0001,0,841298131768,1201 Series Quad Block Pattern Mount (24-1),2026-05-04 21:43:11
1201-0027-0001,0,841298129093,1201 Series Quad Block Pattern Mount (27-1),2026-05-04 21:43:11
1201-0043-0002,0,841298118134,1201 Series Quad Block Pattern Mount (43-2),2026-05-04 21:43:11
1203-0001-0001,0,841298113696,1203 Series Block Mount (1-1) - 4 Pack,2026-05-04 21:43:11
1205-0001-0001,0,841298110435,1205 Series Dual Block Mount (1-1) - 2 Pack,2026-05-04 21:43:11
1205-0001-0003,0,841298110442,1205 Series Dual Block Mount (1-3) - 2 Pack,2026-05-04 21:43:11
1205-0002-0001,0,841298136008,1205 Series Dual Block Mount (2-1) - 2 Pack,2026-05-04 21:43:11
1206-0016-0002,0,841298116291,1206 Series Pattern Adaptor (16-2),2026-05-04 21:43:11
1206-0016-0009,0,841298130914,Threaded REV to Thru-Hole goBILDA® Pattern Adaptor,2026-05-04 21:43:11
1206-0016-0012,0,841298140500,Thru-Hole AndyMark Robits to Threaded goBILDA® Pattern Adaptor,2026-05-04 21:43:11
1209-0032-0001,0,841298116475,Hook & Loop Cinch-Strap with Mounting Plates,2026-05-04 21:43:11
1211-0001-0001,0,841298116093,1211 Series Angle Mount (1-1),2026-05-04 21:43:11
1224-0016-0002,0,841298124371,"Motor Controller Mount for Basic Micro RoboClaw 2x15A, 2x30A, 2x45A",2026-05-04 21:43:11
1301-0016-0014,0,841298116741,1301 Series Clamping Hub (14mm Bore),2026-05-04 21:43:11
1302-0032-0032,0,841298113818,1302 Series Clamping Hub (32mm Bore),2026-05-04 21:43:11
1305-0032-0022,0,841298113849,1305 Series Thru-Hole Clamping Hub (22mm Bore),2026-05-04 21:43:11
1308-0016-0006,0,841298122667,1308 Series Lightweight Set-Screw Hub (6mm Bore),2026-05-04 21:43:11
1308-0016-0187,0,841298130723,"1308 Series Lightweight Set-Screw Hub (3/16"" Bore)",2026-05-04 21:43:11
1309-0016-0008,0,841298130754,1309 Series Sonic Hub (8mm Bore),2026-05-04 21:43:11
1309-0016-4008,0,841298126771,1309 Series Sonic Hub (8mm REX® Bore),2026-05-04 21:43:11
1310-0016-0008,0,841298120649,1310 Series Hyper Hub (8mm Bore),2026-05-04 21:43:11
1310-0016-0500,0,841298130808,"1310 Series Hyper Hub (1/2"" Bore)",2026-05-04 21:43:11
1310-0016-2005,0,841298130211,1310 Series Hyper Hub (5mm Hex Bore),2026-05-04 21:43:11
1310-0016-4008,0,841298127631,1310 Series Hyper Hub (8mm REX® Bore),2026-05-04 21:43:11
1310-0016-4012,0,841298124418,1310 Series Hyper Hub (12mm REX® Bore),2026-05-04 21:43:11
1310-0016-5008,0,841298127143,"1310 Series Hyper Hub (4 Start, 8mm Lead Screw Bore)",2026-05-04 21:43:11
1312-0016-1006,0,841298119148,1312 Series Double Sonic Hub (6mm D-Bore),2026-05-04 21:43:11
1313-1632-4008,0,841298131362,1313 Series Hyper Hub (8mm REX® Bore),2026-05-04 21:43:11
1314-0016-0250,0,841298135902,"1314 Series Steel Set-Screw Hub (1/4"" Bore)",2026-05-04 21:43:11
1315-0016-4008,0,841298136060,1315 Series Polycarbonate Hyper Hub (8mm REX® Bore) - 2 Pack,2026-05-04 21:43:11
1400-0032-0008,0,841298110299,"1400 Series 1-Side, 2-Post Clamping Mount (8mm Bore)",2026-05-04 21:43:11
1400-0032-0014,0,841298116086,"1400 Series 1-Side, 2-Post Clamping Mount (14mm Bore)",2026-05-04 21:43:11
1400-0032-0021,0,841298110329,"1400 Series 1-Side, 2-Post Clamping Mount (21mm Bore)",2026-05-04 21:43:11
1401-0043-0036,0,841298124937,"1401 Series 2-Side, 2-Post Clamping Mount (43mm Width, 36mm Bore)",2026-05-04 21:43:11
1402-0043-0006,0,841298118592,"1402 Series 2-Side, 1-Post Clamping Mount (43mm Width, 6mm Bore)",2026-05-04 21:43:11
1402-0043-0012,0,841298118615,"1402 Series 2-Side, 1-Post Clamping Mount (43mm Width, 12mm Bore)",2026-05-04 21:43:11
1500-0010-0005,0,841298109446,"1500 Series Plastic Spacer (5mm ID x 7mm OD, 1mm Thickness) - 12 Pack",2026-05-04 21:43:11
1501-0006-0030,0,841298110664,"1501 Series M4 x 0.7mm Standoff (6mm OD, 3mm Length) - 4 Pack",2026-05-04 21:43:11
1501-0006-0050,0,841298110688,"1501 Series M4 x 0.7mm Standoff (6mm OD, 5mm Length) - 4 Pack",2026-05-04 21:43:11
1501-0006-0070,0,841298110701,"1501 Series M4 x 0.7mm Standoff (6mm OD, 7mm Length) - 4 Pack",2026-05-04 21:43:11
1501-0006-0180,0,841298110787,"1501 Series M4 x 0.7mm Standoff (6mm OD, 18mm Length) - 4 Pack",2026-05-04 21:43:11
1501-0006-0190,0,841298128317,"1501 Series M4 x 0.7mm Standoff (6mm OD, 19mm Length) - 4 Pack",2026-05-04 21:43:11
1501-0006-0240,0,841298110817,"1501 Series M4 x 0.7mm Standoff (6mm OD, 24mm Length) - 4 Pack",2026-05-04 21:43:11
1501-0006-0380,0,841298110886,"1501 Series M4 x 0.7mm Standoff (6mm OD, 38mm Length) - 4 Pack",2026-05-04 21:43:11
1501-0006-0430,0,841298110916,"1501 Series M4 x 0.7mm Standoff (6mm OD, 43mm Length) - 4 Pack",2026-05-04 21:43:11
1501-0006-0500,0,841298126290,"1501 Series M4 x 0.7mm Standoff (6mm OD, 50mm Length) - 4 Pack",2026-05-04 21:43:11
1502-0006-0040,0,841298105868,"1502 Series 4mm ID Spacer (6mm OD, 4mm Length) - 4 Pack",2026-05-04 21:43:11
1502-0006-0060,0,841298105882,"1502 Series 4mm ID Spacer (6mm OD, 6mm Length) - 4 Pack",2026-05-04 21:43:11
1502-0006-0090,0,841298105912,"1502 Series 4mm ID Spacer (6mm OD, 9mm Length) - 4 Pack",2026-05-04 21:43:11
1502-0006-0240,0,841298106001,"1502 Series 4mm ID Spacer (6mm OD, 24mm Length) - 4 Pack",2026-05-04 21:43:11
1502-0006-0320,0,841298124012,"1502 Series 4mm ID Spacer (6mm OD, 32mm Length) - 4 Pack",2026-05-04 21:43:11
1503-5100-6190,0,841298110640,"1503 Series M4 x 0.7mm Shoulder Standoff (5-6mm OD, 10-19mm Length) - 4 Pack",2026-05-04 21:43:11
1503-6100-8190,0,841298116314,"1503 Series M4 x 0.7mm Shoulder Standoff (6-8mm OD, 10-19mm Length) - 4 Pack",2026-05-04 21:43:11
1511-0032-0060,0,841298116307,1511 Series 32mm OD Counterbored Pattern Spacer (6mm Length),2026-05-04 21:43:11
1512-0008-0060,0,841298126351,"1512 Series 6mm ID Spacer (8mm OD, 6mm Length) - 4 Pack",2026-05-04 21:43:11
1514-0010-0080,0,841298120564,"1514 Series 8mm ID Spacer (10mm OD, 8mm Length) - 4 Pack",2026-05-04 21:43:11
1515-0015-0120,0,841298132109,"12mm ID Steel Spacer (15mm OD, 12mm Length) - 4 Pack",2026-05-04 21:43:11
1516-4008-0080,0,841298127679,"1516 Series 8mm REX® Standoff (M4 x 0.7mm Threads, 8mm Length) - 4 Pack",2026-05-04 21:43:11
1516-4008-0240,0,841298127709,"1516 Series 8mm REX® Standoff (M4 x 0.7mm Threads, 24mm Length) - 4 Pack",2026-05-04 21:43:11
1516-4008-0280,0,841298133328,"1516 Series 8mm REX® Standoff (M4 x 0.7mm Threads, 28mm Length) - 4 Pack",2026-05-04 21:43:11
1516-4008-0300,0,841298133335,"1516 Series 8mm REX® Standoff (M4 x 0.7mm Threads, 30mm Length) - 4 Pack",2026-05-04 21:43:11
1516-4008-0500,0,841298133403,"1516 Series 8mm REX® Standoff (M4 x 0.7mm Threads, 50mm Length) - 4 Pack",2026-05-04 21:43:11
1516-4008-0560,0,841298127754,"1516 Series 8mm REX® Standoff (M4 x 0.7mm Threads, 56mm Length) - 4 Pack",2026-05-04 21:43:11
1516-4008-0880,0,841298131492,"1516 Series 8mm REX® Standoff (M4 x 0.7mm Threads, 88mm Length) - 4 Pack",2026-05-04 21:43:11
1516-4008-1440,0,841298131515,"1516 Series 8mm REX® Standoff (M4 x 0.7mm Threads, 144mm Length) - 4 Pack",2026-05-04 21:43:11
1516-4008-1920,0,841298131539,"1516 Series 8mm REX® Standoff (M4 x 0.7mm Threads, 192mm Length) - 4 Pack",2026-05-04 21:43:11
1516-4008-2160,0,841298131546,"1516 Series 8mm REX® Standoff (M4 x 0.7mm Threads, 216mm Length) - 4 Pack",2026-05-04 21:43:11
1520-4012-0120,0,841298134554,"8mm REX® Plastic Spacer (12mm REX OD, 12mm Length) - 12 Pack",2026-05-04 21:43:11
1520-4012-0160,0,,"8mm REX® Plastic Spacer (12mm REX® OD, 16mm Length) - 12 Pack",2026-05-04 21:43:11
1521-0008-0040,0,841298131188,"1521 Series 6mm ID Spacer (8mm OD, 4mm Length) - 4 Pack",2026-05-04 21:43:11
1521-0008-0060,0,841298131195,"1521 Series 6mm ID Spacer (8mm OD, 6mm Length) - 4 Pack",2026-05-04 21:43:11
1521-0008-0120,0,841298131218,"1521 Series 6mm ID Spacer (8mm OD, 12mm Length) - 4 Pack",2026-05-04 21:43:11
1522-0010-0020,0,841298119124,"1522 Series 8mm ID Spacer (10mm OD, 2mm Length) - 4 Pack",2026-05-04 21:43:11
1522-0010-0060,0,841298131232,"1522 Series 8mm ID Spacer (10mm OD, 6mm Length) - 4 Pack",2026-05-04 21:43:11
1526-0032-0100,0,841298131775,1526 Series 32mm OD Plastic Pattern Spacer (10mm Length) - 2 Pack,2026-05-04 21:43:11
1529-0012-0300,0,841298137098,"8mm ID Steel Spacer (12mm OD, 30mm Length) - 4 Pack",2026-05-04 21:43:11
1529-0012-0480,0,841298136794,"8mm ID Steel Spacer (12mm OD, 48mm Length) - 4 Pack",2026-05-04 21:43:11
1530-0008-0430,0,841298137036,"4mm ID Aluminum Spacer (8mm OD, 43mm Length) - 4 Pack",2026-05-04 21:43:11
1531-0032-0020,0,841298138194,"Steel Pattern Spacer (14mm Bore, 32mm OD, 2mm Thickness) - 2 Pack",2026-05-04 21:43:11
1600-0416-0004,0,841298122285,"4mm ID Non-Flanged Ball Bearing (16mm OD, 4mm Thickness) - 2 Pack",2026-05-04 21:43:11
1601-0014-0004,0,841298109941,"4mm ID Flanged Ball Bearing (14mm OD, 5mm Thickness) - 2 Pack",2026-05-04 21:43:11
1603-0032-0003,0,841298113948,1603 Series Face Thru-Hole Pillow Block (3mm Bore),2026-05-04 21:43:11
1603-0032-0006,0,841298113979,6mm Bore Face Thru-Hole Pillow Block (32mm x 32mm Mounting Pattern),2026-05-04 21:43:11
1603-0032-0032,0,841298111128,1603 Series Face Thru-Hole Pillow Block (32mm Bore),2026-05-04 21:43:11
1605-0024-0004,0,841298138224,"4mm Bore 1-Side, 1-Post Pillow Block (24mm Height)",2026-05-04 21:43:11
1605-0024-0006,0,841298109071,"6mm Bore 1-Side, 1-Post Pillow Block (24mm Height)",2026-05-04 21:43:11
1606-0043-0006,0,841298109064,"6mm Bore 2-Side, 1-Post Pillow Block (43mm Width)",2026-05-04 21:43:11
1607-0041-0615,0,841298114037,"6mm Bore Dual Bearing Idler Roller (15mm OD, 41mm Length)",2026-05-04 21:43:11
1608-0001-0001,0,841298127617,"Idler Bearing-Hub (32mm OD, 16mm Height)",2026-05-04 21:43:11
1609-0610-0004,0,,"1609 Series V-Groove Bearing (4mm ID x 10.5mm OD, 6mm Thickness) - 2 Pack",2026-05-04 21:43:11
1611-0514-0006,0,841298116260,"1611 Series Flanged Ball Bearing (6mm ID x 14mm OD, 5mm Thickness) - 2 Pack",2026-05-04 21:43:11
1614-0016-0008,0,,Dual-Bearing Pillow Block (8mm Bore),2026-05-04 21:43:11
1621-1632-0004,0,841298135605,4mm Bore Flat Pillow Block (16mm x 32mm Mounting Pattern) - 2 Pack,2026-05-04 21:43:11
1621-1632-0008,0,841298135636,8mm Bore Flat Pillow Block (16mm x 32mm Mounting Pattern) - 2 Pack,2026-05-04 21:43:11
1622-0032-0012,0,841298136206,"12mm Bore, Heavy-Duty Flange-Mount Bearing Pillow Block",2026-05-04 21:43:11
1700-0016-0011,0,841298114068,1700 Series Face Tapped Stepper Motor Mount (NEMA 11),2026-05-04 21:43:11
1701-0016-0003,0,841298116451,1701 Series Face Tapped Motor Mount (16-3),2026-05-04 21:43:11
1701-0032-0001,0,841298124067,1701 Series Face Tapped Motor Mount (32-1),2026-05-04 21:43:11
1702-0043-0003,0,841298128546,1702 Series Quad Block Motor Mount (43-3),2026-05-04 21:43:11
1802-0043-0001,0,841298114396,"1802 Series Servo Frame (43mm Width, for Standard Size Servos)",2026-05-04 21:43:11
1804-0032-0001,0,841298118905,1804 Series Servo Stand (32-1),2026-05-04 21:43:11
1900-0024-0104,0,841298114419,"1900 Series Single Servo Arm (24 Tooth Spline, 32mm Length)",2026-05-04 21:43:11
1902-0025-0204,0,841298114440,"1902 Series Dual Servo Arm (25 Tooth Spline, 64mm Length)",2026-05-04 21:43:11
1906-0024-0032,0,841298114457,"1906 Series Low-Profile Servo Hub (24 Tooth Spline, 32mm Diameter)",2026-05-04 21:43:11
1910-0025-0816,0,841298132314,"1910 Series Servo Hub Shaft (25 Tooth Spline, 8mm Shaft Diameter, 16mm Length)",2026-05-04 21:43:11
1911-0025-1036,0,841298114525,"10mm Round Servo Shaft (25 Tooth Spline, 36mm Length)",2026-05-04 21:43:11
1917-0014-0072,0,841298133649,Plastic Dual Hub-Mount Control Arm (72mm Length),2026-05-04 21:43:11
1919-0014-0144,0,841298133670,"Plastic Hub-Mount Disc (14mm Bore, 144mm Diameter)",2026-05-04 21:43:11
1920-0032-0096,0,841298133700,"Plastic Hub-Mount Disc (32mm Bore, 96mm Diameter)",2026-05-04 21:43:11
1920-0032-0240,0,841298133731,"Plastic Hub-Mount Disc (32mm Bore, 240mm Diameter)",2026-05-04 21:43:11
1922-0025-0036,0,841298136091,"8mm REX® Servo Shaft (25 Tooth Spline, 36mm Length)",2026-05-04 21:43:11
2000-0025-0002,0,841298124760,"2000 Series Dual Mode Servo (25-2, Torque)",2026-05-04 21:43:11
2000-0025-0503,0,841298135025,"2000 Series 5-Turn, Dual Mode Servo (25-3, Speed)",2026-05-04 21:43:11
2100-0006-0025,0,841298120991,"6mm Shaft (Stainless Steel, 25mm Length)",2026-05-04 21:43:11
2100-0006-0100,0,841298121028,"6mm Shaft (Stainless Steel, 100mm Length)",2026-05-04 21:43:11
2100-0006-0250,0,841298121059,"6mm Shaft (Stainless Steel, 250mm Length)",2026-05-04 21:43:11
2100-0008-0150,0,841298121127,"8mm Shaft (Stainless Steel, 150mm Length)",2026-05-04 21:43:11
2100-0012-0150,0,841298121219,"12mm Shaft (Stainless Steel, 150mm Length)",2026-05-04 21:43:11
2100-0012-0250,0,841298121226,"12mm Shaft (Stainless Steel, 250mm Length)",2026-05-04 21:43:11
2101-0006-0020,0,841298111142,"6mm D-Shaft (Stainless Steel, 20mm Length)",2026-05-04 21:43:11
2101-0006-0060,0,841298111180,"6mm D-Shaft (Stainless Steel, 60mm Length)",2026-05-04 21:43:11
2101-0006-0080,0,841298111203,"6mm D-Shaft (Stainless Steel, 80mm Length)",2026-05-04 21:43:11
2101-0006-0120,0,841298111234,"6mm D-Shaft (Stainless Steel, 120mm Length)",2026-05-04 21:43:11
2101-0006-0260,0,841298111296,"6mm D-Shaft (Stainless Steel, 260mm Length)",2026-05-04 21:43:11
2102-0008-0050,0,841298125446,"2102 Series Stainless Steel REX® Shaft (8mm Diameter, 50mm Length)",2026-05-04 21:43:11
2102-0008-0070,0,841298125460,"2102 Series Stainless Steel REX® Shaft (8mm Diameter, 70mm Length)",2026-05-04 21:43:11
2102-0008-0180,0,841298125538,"2102 Series Stainless Steel REX® Shaft (8mm Diameter, 180mm Length)",2026-05-04 21:43:11
2102-0008-0260,0,841298125569,"2102 Series Stainless Steel REX® Shaft (8mm Diameter, 260mm Length)",2026-05-04 21:43:11
2104-0012-0043,0,841298121967,"12mm REX® Shaft (Aluminum, 43mm Length)",2026-05-04 21:43:11
2104-0012-0072,0,841298121301,"12mm REX® Shaft (Aluminum, 72mm Length)",2026-05-04 21:43:11
2104-0012-0104,0,841298121349,"12mm REX® Shaft (Aluminum, 104mm Length)",2026-05-04 21:43:11
2104-0012-0120,0,841298121363,"12mm REX® Shaft (Aluminum, 120mm Length)",2026-05-04 21:43:11
2104-0012-0336,0,841298121400,"12mm REX® Shaft (Aluminum, 336mm Length)",2026-05-04 21:43:11
2106-4008-0400,0,841298131744,"8mm REX® Shaft with E-Clip (Stainless Steel, 40mm Length)",2026-05-04 21:43:11
2106-4008-0520,0,,"8mm REX® Shaft with E-Clip (Stainless Steel, 52mm Length)",2026-05-04 21:43:11
2106-4008-0540,0,841298135353,"8mm REX® Shaft with E-Clip (Stainless Steel, 54mm Length)",2026-05-04 21:43:11
2106-4008-0960,0,841298129239,"8mm REX® Shaft with E-Clip (Stainless Steel, 96mm Length)",2026-05-04 21:43:11
2106-4008-2160,0,841298137685,"8mm REX® Shaft with E-Clip (Stainless Steel, 216mm Length)",2026-05-04 21:43:11
2106-4008-3120,0,841298131454,"8mm REX® Shaft with E-Clip (Stainless Steel, 312mm Length)",2026-05-04 21:43:11
2106-4008-3840,0,841298141415,"8mm REX® Shaft with E-Clip (Stainless Steel, 384mm Length)",2026-05-04 21:43:11
2109-4012-1920,0,841298140289,"12mm REX® Shaft with E-Clip (Stainless Steel, 192mm Length)",2026-05-04 21:43:11
2109-4012-3120,0,841298137760,"12mm REX® Shaft with E-Clip (Stainless Steel, 312mm Length)",2026-05-04 21:43:11
2201-0101-0103,0,,goBILDA Dark Matter Hoodie,2026-05-04 21:43:11
2202-0101-0103,0,,goBILDA Dark Matter T-Shirt,2026-05-04 21:43:11
2202-0102-0103,0,,goBILDA® Classic T-Shirt (Adult Sizes),2026-05-04 21:43:11
2202-0102-0201,0,,goBILDA® Classic T-Shirt (Youth Sizes),2026-05-04 21:43:11
2301-0006-0020,0,841298115577,"2301 Series Brass, MOD 0.8, D-Bore, Set Screw Pinion Gear (6mm D-Bore, 20 Tooth)",2026-05-04 21:43:11
2301-0006-0024,0,841298115584,"2301 Series Brass, MOD 0.8, D-Bore, Set-Screw Pinion Gear (6mm D-Bore, 24 Tooth)",2026-05-04 21:43:11
2301-0006-0030,0,841298115591,"2301 Series Brass, MOD 0.8, D-Bore, Set Screw Pinion Gear (6mm D-Bore, 30 Tooth)",2026-05-04 21:43:11
2302-0014-0090,0,841298111050,"2302 Series Aluminum, MOD 0.8, Hub Mount Gear (14mm Bore, 90 Tooth)",2026-05-04 21:43:11
2302-0014-0100,0,841298111074,"2302 Series Aluminum, MOD 0.8, Hub Mount Gear (14mm Bore, 100 Tooth)",2026-05-04 21:43:11
2302-0032-0080,0,841298112194,"2302 Series Aluminum, MOD 0.8, Hub Mount Gear (32mm Bore, 80 Tooth)",2026-05-04 21:43:11
2302-0032-0108,0,841298112248,"2302 Series Aluminum, MOD 0.8, Hub Mount Gear (32mm Bore, 108 Tooth)",2026-05-04 21:43:11
2303-1006-0020,0,841298129147,"2303 Series Steel, MOD 0.8 Pinion Gear (6mm D-Bore, 20 Tooth)",2026-05-04 21:43:11
2303-1006-0024,0,841298137784,"2303 Series Steel, MOD 0.8 Pinion Gear (6mm D-Bore, 24 Tooth)",2026-05-04 21:43:11
2303-4008-0036,0,841298128522,"2303 Series Steel, MOD 0.8 Pinion Gear (8mm REX® Bore, 36 Tooth)",2026-05-04 21:43:11
2304-0006-0015,0,841298114532,"2304 Series Brass, MOD 0.8 Pinion Gear (6mm Bore, 15 Tooth)",2026-05-04 21:43:11
2304-0006-0024,0,841298114556,"2304 Series Brass, MOD 0.8 Pinion Gear (6mm Bore, 24 Tooth)",2026-05-04 21:43:11
2305-0024-0015,0,841298114112,"2305 Series Brass, MOD 0.8, Servo Gear (24 Tooth Spline, 15 Tooth)",2026-05-04 21:43:11
2305-0024-0024,0,841298114136,"2305 Series Brass, MOD 0.8, Servo Gear (24 Tooth Spline, 24 Tooth)",2026-05-04 21:43:11
2305-0024-0040,0,841298114150,"2305 Series Brass, MOD 0.8, Servo Gear (24 Tooth Spline, 40 Tooth)",2026-05-04 21:43:11
2305-0025-0012,0,841298114167,"2305 Series Brass, MOD 0.8, Servo Gear (25 Tooth Spline, 12 Tooth)",2026-05-04 21:43:11
2309-0014-0024,0,841298116161,"2309 Series Brass, MOD 1.5, Hub Mount Worm Gear (14mm Bore, 24 Tooth)",2026-05-04 21:43:11
2310-2000-0004,0,,Servo Gear Set for 2000 Series 'Super Speed' Servo,2026-05-04 21:43:11
2310-2000-0302,0,841298138415,Servo Gear Set for 2000 Series 'Torque' Servo (V3.0),2026-05-04 21:43:11
2312-0414-0046,0,841298133076,"46 Tooth Hub-Mount Gear (MOD 0.8, 4mm Thick Acetal)",2026-05-04 21:43:11
2312-0414-0056,0,,"56 Tooth Hub-Mount Gear (MOD 0.8, 4mm Thick Acetal)",2026-05-04 21:43:11
2312-0414-0060,0,841298133144,"60 Tooth Hub-Mount Gear (MOD 0.8, 4mm Thick Acetal)",2026-05-04 21:43:11
2312-0414-0070,0,,"70 Tooth Hub-Mount Gear (MOD 0.8, 4mm Thick Acetal)",2026-05-04 21:43:11
2312-0414-0074,0,841298133212,"74 Tooth Hub-Mount Gear (MOD 0.8, 4mm Thick Acetal)",2026-05-04 21:43:11
2312-0414-0090,0,841298103017,"90 Tooth Hub-Mount Gear (MOD 0.8, 4mm Thick Acetal)",2026-05-04 21:43:11
2313-1006-0034,0,841298135308,"2313 Series Stainless Steel, MOD 1.25 Worm (6mm D-Bore, 34mm Length)",2026-05-04 21:43:11
2315-1006-0030,0,841298128232,"2315 Series, Steel Miter Gear (MOD 1.25, Set-Screw, 6mm D-Bore, 30 Tooth)",2026-05-04 21:43:11
2317-0006-0024,0,841298135087,"2317 Series MOD 0.8 Steel Miter Gear (Set-Screw, 6mm Round Bore, 24 Tooth)",2026-05-04 21:43:11
2317-4008-0024,0,841298135100,"2317 Series MOD 0.8 Steel Miter Gear (Set-Screw, 8mm REX Bore, 24 Tooth)",2026-05-04 21:43:11
2319-4008-0030,0,841298137043,"2319 Series MOD 1.25 Steel Miter Gear (8mm REX® Bore, 30 Tooth)",2026-05-04 21:43:11
2320-1006-0024,0,841298139795,"Clamping Steel Miter Gear (6mm D-Bore, 24 Tooth, MOD 1)",2026-05-04 21:43:11
2322-4008-0040,0,841298140814,"Slip-Fit Steel Pinion Gear (8mm REX® Bore, MOD 0.8, 40T)",2026-05-04 21:43:11
2400-0112-0001,0,841298128003,"Badlands Tank Track (24mm Pitch, 112mm Width, Rubber Tread) - 6 Pack",2026-05-04 21:43:11
2406-0001-0003,0,841298136930,Long Tensioner Kit for 2400 Series Tracks (1-3) - 2 Pack,2026-05-04 21:43:11
2411-0014-0008,0,841298140593,"24mm Pitch, Acetal Track Sprocket (8 Tooth) - 2 Pack",2026-05-04 21:43:11
2500-0010-0240,0,841298136770,"Steel Viper-Slide (10-Ball Carriage, 240mm Length, 174mm Travel)",2026-05-04 21:43:11
2500-0014-0336,0,841298133878,"Steel Viper-Slide (14-Ball Carriage, 336mm Length, 244mm Travel)",2026-05-04 21:43:11
2600-0003-0001,0,841298130310,goBILDA® Lanyard,2026-05-04 21:43:11
2800-0003-0010,0,841298136831,"Zinc-Plated Steel Socket Head Screw (M3 x 0.5mm, 10mm Length) - 6 Pack",2026-05-04 21:43:11
2800-0004-0006,0,,M4 x 0.7mm Zinc-Plated Socket Head Screw (6mm Length),2026-05-04 21:43:11
2800-0004-0007,0,,M4 x 0.7mm Zinc-Plated Socket Head Screw (7mm Length),2026-05-04 21:43:11
2800-0004-0010,0,,M4 x 0.7mm Zinc-Plated Socket Head Screw (10mm Length),2026-05-04 21:43:11
2800-0004-0012,0,,M4 x 0.7mm Zinc-Plated Socket Head Screw (12mm Length),2026-05-04 21:43:11
2800-0004-0022,1,841298116598,M4 x 0.7mm Zinc-Plated Socket Head Screw (22mm Length) - 25 Pack,2026-05-04 21:43:11
2800-0004-0025,0,841298116604,M4 x 0.7mm Zinc-Plated Socket Head Screw (25mm Length) - 25 Pack,2026-05-04 21:43:11
2800-0004-0030,0,841298116611,M4 x 0.7mm Zinc-Plated Socket Head Screw (30mm Length) - 25 Pack,2026-05-04 21:43:11
2800-0004-0035,0,841298116628,M4 x 0.7mm Zinc-Plated Socket Head Screw (35mm Length) - 25 Pack,2026-05-04 21:43:11
2800-0004-0045,0,841298116642,M4 x 0.7mm Zinc-Plated Socket Head Screw (45mm Length) - 25 Pack,2026-05-04 21:43:11
2800-0004-0050,0,841298116659,M4 x 0.7mm Zinc-Plated Socket Head Screw (50mm Length) - 25 Pack,2026-05-04 21:43:11
2800-0004-0060,0,841298116673,M4 x 0.7mm Zinc-Plated Socket Head Screw (60mm Length) - 25 Pack,2026-05-04 21:43:11
2801-0004-0008,0,,2801 Series Zinc Plated Steel Washer (4mm ID x 8mm OD),2026-05-04 21:43:11
2802-0004-0012,0,841298109590,"2802 Series Zinc-Plated Steel Button Head Screw (M4 x 0.7mm, 12mm Length) - 25 Pack",2026-05-04 21:43:11
2802-0004-0018,0,841298109620,"2802 Series Zinc-Plated Steel Button Head Screw (M4 x 0.7mm, 18mm Length) - 25 Pack",2026-05-04 21:43:11
2802-0004-0030,0,841298109668,"2802 Series Zinc-Plated Steel Button Head Screw (M4 x 0.7mm, 30mm Length) - 25 Pack",2026-05-04 21:43:11
2803-0007-0007,0,841298112354,M4 x 0.7mm Square Nut - 25 Pack,2026-05-04 21:43:11
2804-0004-0005,0,841298109736,"2804 Series Zinc-Plated Steel Low Profile Socket Head Screw (M4 x 0.7mm, 5mm Length) - 25 Pack",2026-05-04 21:43:11
2804-0004-0008,0,841298109750,"2804 Series Zinc-Plated Steel Low Profile Socket Head Screw (M4 x 0.7mm, 8mm Length) - 25 Pack",2026-05-04 21:43:11
2804-0004-0020,0,841298109811,"2804 Series Zinc-Plated Steel Low Profile Socket Head Screw (M4 x 0.7mm, 20mm Length) - 25 Pack",2026-05-04 21:43:11
2804-0004-0030,0,841298109842,"2804 Series Zinc-Plated Steel Low Profile Socket Head Screw (M4 x 0.7mm, 30mm Length) - 25 Pack",2026-05-04 21:43:11
2804-0004-0045,0,841298109873,"2804 Series Zinc-Plated Steel Low Profile Socket Head Screw (M4 x 0.7mm, 45mm Length) - 25 Pack",2026-05-04 21:43:11
2804-0004-0060,0,841298109903,"2804 Series Zinc-Plated Steel Low Profile Socket Head Screw (M4 x 0.7mm, 60mm Length) - 25 Pack",2026-05-04 21:43:11
2805-0004-0038,0,841298114228,goRAIL® Nut (5 Hole) - 2 Pack,2026-05-04 21:43:11
2806-0005-0005,0,841298116819,"2806 Series Black Oxide Steel Cup-Point Set-Screw (M5 x 0.8mm, 5mm Length) - 25 Pack",2026-05-04 21:43:11
2806-0005-0008,0,841298128591,"2806 Series Black Oxide Steel Cup-Point Set-Screw (M5 x 0.8mm, 8mm Length) - 25 Pack",2026-05-04 21:43:11
2807-0609-0500,0,841298120427,"2807 Series Stainless Steel Shim (6mm ID x 9mm OD, 0.50mm Thickness) - 12 Pack",2026-05-04 21:43:11
2807-0609-1000,0,841298120434,"2807 Series Stainless Steel Shim (6mm ID x 9mm OD, 1mm Thickness) - 12 Pack",2026-05-04 21:43:11
2807-0811-0500,0,841298120458,"2807 Series Stainless Steel Shim (8mm ID x 11mm OD, 0.50mm Thickness) - 12 Pack",2026-05-04 21:43:11
2807-3236-0500,0,841298138361,"32mm ID Stainless Steel Shim (36mm OD, 0.50mm Thickness) - 12 Pack",2026-05-04 21:43:11
2808-0004-0050,0,841298122360,"2808 Series Stainless Steel Threaded Rod (M4 x 0.7mm, 50mm Length) - 2 Pack",2026-05-04 21:43:11
2808-0004-0200,0,841298119001,"2808 Series Stainless Steel Threaded Rod (M4 x 0.7mm, 200mm Length) - 2 Pack",2026-05-04 21:43:11
2810-0004-0008,0,841298109194,2810 Series Zinc-Plated Steel External - Tooth Lock Washer (4mm ID x 8mm OD) - 25 Pack,2026-05-04 21:43:11
2811-0004-0007,0,841298109170,"2811 Series Zinc-Plated Steel Hex Nut (M4 x 0.7mm, 7mm Hex) - 25 Pack",2026-05-04 21:43:11
2813-0004-0008,0,841298136855,"Zinc-Plated Steel Hex Head Screw (M4 x 0.7mm, 8mm Length) - 25 Pack",2026-05-04 21:43:11
2813-0004-0010,0,841298136862,"Zinc-Plated Steel Hex Head Screw (M4 x 0.7mm, 10mm Length) - 25 Pack",2026-05-04 21:43:11
2814-0016-0250,0,841298131119,"1/4""-20 to goBILDA Pattern Mount",2026-05-04 21:43:11
2815-0004-0008,0,841298131140,Zinc-Plated Steel Thread-Forming Socket Head Screw (M4 x 8mm Length) - 25 Pack,2026-05-04 21:43:11
2815-0004-0016,0,841298131171,Zinc-Plated Steel Thread-Forming Socket Head Screw (M4 x 16mm Length) - 25 Pack,2026-05-04 21:43:11
2816-0004-0001,0,841298131690,Hook-Nut (M4 x 0.7mm Thread) - 25 Pack,2026-05-04 21:43:11
2822-0004-0014,0,841298138330,Premium M4 Socket Head Thread-Locking Screw (14mm Length) - 25 Pack,2026-05-04 21:43:11
2822-0004-0016,0,841298140104,Premium M4 Socket Head Thread-Locking Screw (16mm Length) - 25 Pack,2026-05-04 21:43:11
2900-0120-0001,0,841298107282,2900 Series Shock (120-1) - 2 Pack,2026-05-04 21:43:11
2902-0025-0001,0,841298134486,Plastic Hinge Block - 25 Pack,2026-05-04 21:43:11
2904-0008-0014,0,841298134592,14mm to 8mm Hole Reducer - 4 Pack,2026-05-04 21:43:11
2906-0006-0008,0,841298116499,"2906 Series Aluminum Set Screw Collar (6mm Bore, 8mm Length) - 2 Pack",2026-05-04 21:43:11
2908-0075-0005,0,841298119186,"Synthetic Cable (0.75mm Diameter, 5 meter Length)",2026-05-04 21:43:11
2908-0100-0005,0,841298136596,"Synthetic Cable (1mm Diameter, 5 meter Length)",2026-05-04 21:43:11
2910-0921-0008,0,841298131072,"2910 Series Aluminum Clamping Collar (8mm ID x 21mm OD, 9mm Length)",2026-05-04 21:43:11
2910-1026-4012,0,841298124074,"2910 Series Aluminum Clamping Collar (12mm REX® ID x 26mm OD, 10mm Length)",2026-05-04 21:43:11
2911-0014-0002,0,841298123367,Rubber Grommet (14-2) - 4 Pack,2026-05-04 21:43:11
2911-0014-0003,0,841298140166,Rubber Grommet (14-3) - 4 Pack,2026-05-04 21:43:11
2914-0002-0001,0,841298124944,V-Groove Bearing Shield (2-1) - 2 Pack,2026-05-04 21:43:11
2917-0001-0001,0,841298126818,Servo Connector Clip (Yellow) - 6 Pack,2026-05-04 21:43:11
2918-2000-0001,0,841298128850,Replacement Servo Case for 2000 Series Dual Mode Servo (V2.0),2026-05-04 21:43:11
2920-0001-0006,0,841298130877,2920 Series Steel Set-Screw Collar (6mm Bore) - 2 Pack,2026-05-04 21:43:11
2922-0002-0001,0,,"Super Lube Synthetic Grease With PTFE (Clear, 1mL) - 2 Pack",2026-05-04 21:43:11
2923-1024-4008,0,841298136169,Polycarbonate Clamping Collar (8mm REX® Bore) - 4 Pack,2026-05-04 21:43:11
3100-0012-0020,0,841298111517,"12V NiMH Nested Battery (3000mAh, MH-FC XT30 Connector)",2026-05-04 21:43:11
3103-0005-0001-V1,0,,"Floodgate Power Switch (XT30, Current Sensing) [V1]",2026-05-04 21:43:11
3104-0006-0001,0,841298120588,"Battery Tray (4 Cell, Square Pack, 2-Pos TJC8 Power Connector [MH-FC])",2026-05-04 21:43:11
3105-0101-0015,0,841298130273,1x15A Motor Controller (9-14V Input),2026-05-04 21:43:11
3105-0101-1030,0,841298139832,1x30A Motor Commander,2026-05-04 21:43:11
3108-0102-0201,0,841298130280,Dual 5A PWM Switch,2026-05-04 21:43:11
3108-4933-0801,0,841298135971,"XT30 Power Distribution Board (XT90 Input, 8 x XT30 Outputs)",2026-05-04 21:43:11
3109-0001-0002,0,841298140470,Mecanum Mixer,2026-05-04 21:43:11
3109-0004-0001,0,841298133823,Servo Commander [V1],2026-05-04 21:43:11
3109-0010-0001,0,841298139818,"12V Battery Health Analyzer (NiMH, 3000mAh)",2026-05-04 21:43:11
3110-0001-0001,0,841298137722,Swingarm Odometry Pod (48mm Wheel),2026-05-04 21:43:11
3110-0001-0002,0,,4-Bar Odometry Pod (32mm Wheel),2026-05-04 21:43:11
3117-0032-0003,0,841298133946,3117 Series Enclosure (32-3),2026-05-04 21:43:11
3118-0102-0002,0,841298139870,"LED Headlight (400 Lumens, 5-30V Input)",2026-05-04 21:43:11
3118-0808-0001,0,841298139894,"LED Headlight (400 Lumens, Dimmable, PWM Controlled)",2026-05-04 21:43:11
3118-0808-0003,0,,"LED Headlight for FTC (275 Lumens, Dimmable, PWM Controlled)",2026-05-04 21:43:11
3118-5555-0001,0,841298140869,"Prism RGB LED Strip (104mm Length, 6 LEDs) - 2 Pack",2026-05-04 21:43:11
3119-2829-0006,0,841298136572,"6A BEC / Voltage Regulator (6-24V Input, 5V, 6V, 8.4V, 12V Output, XT30 Connectors) [V1]",2026-05-04 21:43:11
3119-2829-0106,0,841298140487,"6A BEC / Voltage Regulator (6-24V Input, 5V, 6V, 8.4V, 12V Output, XT30 Connectors) [V2]",2026-05-04 21:43:11
3119-2829-0206,0,841298140708,"6A BEC / Voltage Regulator (5-30V Input, 3.3V, 5V, 6V, 8.4V, 12V Output, XT30 Connectors)",2026-05-04 21:43:11
3119-4444-0206,0,841298140715,"6A BEC / Voltage Regulator (5-30V Input, 3.3V, 5V, 6V, 8.4V, 12V Output, Screw Terminals)",2026-05-04 21:43:11
3122-0002-0001,0,,Limelight 3A Smart Camera,2026-05-04 21:43:11
3122-0003-0001,0,841298139986,Rolling Shutter USB Camera with goBILDA® Case (30 FPS),2026-05-04 21:43:11
3124-0001-0001,0,841298140692,"Laser Distance Sensor (1m Range, 3.3-5V, Digital or Analog Output)",2026-05-04 21:43:11
3200-4008-2425,0,841298139771,FTC Starter Kit (2024-2025 Season),2026-05-04 21:43:11
3200-4008-2627,0,841298141675,FTC Starter Kit (2026-2027 Season),2026-05-04 21:43:11
3201-0003-0001,0,841298124135,goRAIL® Bracket Assortment Pack (202 Pcs),2026-05-04 21:43:11
3201-0004-0002,0,841298122964,M4 Button Head Screw Assortment Pack (600 Pcs),2026-05-04 21:43:11
3202-0001-2402,0,841298122179,"ServoBlock® (Standard Size, 24 Tooth Spline, 10mm OD Shaft)",2026-05-04 21:43:11
3203-0012-0201,0,841298134752,12V Radio Control Bundle,2026-05-04 21:43:11
3203-0020-0201,0,841298137050,20V Radio Control Bundle,2026-05-04 21:43:11
3203-1118-0001,0,841298123718,1118 Series Open goRAIL® Bundle (12 Pcs),2026-05-04 21:43:11
3203-1121-0001,0,841298123749,1121 Series Low-Side U-Channel Bundle (17 Pcs),2026-05-04 21:43:11
3203-2803-0001,0,841298123794,2803 Series Threaded Plates Bundle (70 Pcs),2026-05-04 21:43:11
3204-0001-0001,0,,"Worm Gear Set (24:1 Ratio, 6mm D-Bore Worm)",2026-05-04 21:43:11
3205-0001-0002,0,841298124166,V-Wheel Standoff Kit (24mm Center Height),2026-05-04 21:43:11
3205-0002-0003,0,841298124319,W-Wheel Spacer Kit,2026-05-04 21:43:11
3206-0002-0003,0,841298123565,"3206 Series Servo Gearbox (3:1 Ratio, Hitec HS-788HB Servo)",2026-05-04 21:43:11
3206-0002-0005,0,841298123589,"3206 Series Servo Gearbox (5:1 Ratio, Hitec HS-788HB Servo)",2026-05-04 21:43:11
3207-0002-0002,0,841298136107,"Servo-Driven Gear Rack Kit (11kg Thrust, 145 mm/sec, Dual Gear Rack)",2026-05-04 21:43:11
3208-0002-0028,0,,Super-Duty Worm Drive Gearbox (28:1 Ratio),2026-05-04 21:43:11
3209-0001-0002,0,841298124517,Strafer® Chassis Kit V2,2026-05-04 21:43:11
3209-0001-0003,0,,Strafer® Chassis Kit V3,2026-05-04 21:43:11
3209-0001-0004,0,,Strafer® Chassis Kit V4,2026-05-04 21:43:11
3209-0001-0005,0,,Strafer® Chassis Kit V5,2026-05-04 21:43:11
3209-0001-0006,0,841298139788,Strafer® Chassis Kit (96mm Mecanum Wheels),2026-05-04 21:43:11
3209-0001-0007,0,841298139931,Strafer® Chassis Kit (104mm GripForce™ Mecanum Wheels),2026-05-04 21:43:11
3209-0002-0002,0,841298137265,BeeLine Chassis Kit V2,2026-05-04 21:43:11
3209-0004-0001,0,,Recon Chassis Kit,2026-05-04 21:43:11
3209-0005-0001,0,841298134417,Outlaw Chassis Kit,2026-05-04 21:43:11
3209-0008-0001,0,841298137111,"Bravo Bare-Bones Chassis Kit (No Tread, No Motors, No Controller, No Battery)",2026-05-04 21:43:11
3209-0012-0002,0,841298139801,Strafer® Chassis Kit (140mm Mecanum Wheels),2026-05-04 21:43:11
3210-0001-0002,0,,"Low-Side Cascading Kit (Two Stage, 376mm Travel)",2026-05-04 21:43:11
3210-0001-0004,0,841298128638,Ball Bearing Slide Pack for 1121 Series Low-Side U-Channel,2026-05-04 21:43:11
3212-0001-0001,0,841298124791,Linear Actuator Kit (203mm Stroke),2026-05-04 21:43:11
3215-0001-0002,0,,"Stingray-2 Servo Gearbox (0.33 sec/60°, 30RPM, 700 oz-in Torque, 900° Rotation)",2026-05-04 21:43:11
3215-0001-0004,0,,"Stingray-4 Servo Gearbox (0.67 sec/60°, 15 RPM, 1400 oz-in Torque, 450° Rotation)",2026-05-04 21:43:11
3215-0001-0005,0,,"Stingray-5 Servo Gearbox (0.83 sec/60°, 12 RPM, 1750 oz-in Torque, 360° Rotation)",2026-05-04 21:43:11
3215-0001-0007,0,,"Stingray-7 Servo Gearbox (1.17 sec/60°, 8.6 RPM, 2450 oz-in Torque, 257° Rotation)",2026-05-04 21:43:11
3216-0001-0002,0,,"Shark-2 Servo Gearbox (0.28 sec/60°, 36 RPM, 944 oz-in Torque, 1260° Rotation)",2026-05-04 21:43:11
3216-0001-0004,0,,"Shark-4 Servo Gearbox (0.56 sec/60°, 18 RPM, 1888 oz-in Torque, 630° Rotation)",2026-05-04 21:43:11
3216-0001-0005,0,,"Shark-5 Servo Gearbox (0.70 sec/60°, 14 RPM 2360 oz-in Torque, 504° Rotation)",2026-05-04 21:43:11
3216-0001-0009,0,,"Shark-9 Servo Gearbox (1.26 sec/60°, 8 RPM, 4248 oz-in Torque, 280° Rotation)",2026-05-04 21:43:11
3307-4008-0014,0,841298134523,"3307 Series 8mm Pitch Steel Set-Screw Sprocket (8mm REX® Bore, 14 Tooth)",2026-05-04 21:43:11
3308-0008-0002,0,841298112309,8mm Pitch Steel Chain Add-&-Connect Link - 6 Pack,2026-05-04 21:43:11
3310-0014-0014,0,841298114242,"8mm Pitch Steel Hub-Mount Sprocket (14mm Bore, 14 Tooth)",2026-05-04 21:43:11
3310-0014-0042,0,841298114266,"3310 Series 8mm Pitch Aluminum Hub Mount Sprocket (14mm Bore, 42 Tooth)",2026-05-04 21:43:11
3311-0014-0032,0,841298120540,"8mm Pitch Acetal Hub-Mount Sprocket (14mm Bore, 32 Tooth)",2026-05-04 21:43:11
3311-0014-0042,0,841298122742,"8mm Pitch Acetal Hub-Mount Sprocket (14mm Bore, 42 Tooth)",2026-05-04 21:43:11
3313-0108-0050,0,841298133779,8mm Pitch Grid-Chain (50 Pack),2026-05-04 21:43:11
3315-0008-0028,0,841298138026,"8mm Pitch Steel Chain Loop (28 Links, 224mm Pitch Length)",2026-05-04 21:43:11
3315-0008-0056,0,841298137364,"8mm Pitch Steel Chain Loop (56 Links, 448mm Pitch Length)",2026-05-04 21:43:11
3315-0008-0058,0,841298138071,"8mm Pitch Steel Chain Loop (58 Links, 464mm Pitch Length)",2026-05-04 21:43:11
3315-0008-0080,0,841298137401,"8mm Pitch Steel Chain Loop (80 Links, 640mm Pitch Length)",2026-05-04 21:43:11
3315-0008-0110,0,841298137456,"8mm Pitch Steel Chain Loop (110 Links, 880mm Pitch Length)",2026-05-04 21:43:11
33488,0,669962334884,Hitec HS-488HB Servo,2026-05-04 21:43:11
3400-0014-0064,0,841298112415,"3400 Series Hub Mount Round Belt Pulley (14mm Bore, 64mm PD)",2026-05-04 21:43:11
3401-0006-0016,0,841298112507,"3401 Series Set-Screw Round Belt Pulley (6mm Bore, 16mm PD)",2026-05-04 21:43:11
3402-0014-0036,0,841298119841,"3402 Series 3mm HTD Pitch Plastic Hub Mount Timing Belt Pulley (14mm Bore, 36 Tooth)",2026-05-04 21:43:11
3403-0015-0204,0,841298122315,"3403 Series 3mm HTD Pitch Timing Belt (15mm Width, 204mm Pitch Length, 68 Tooth)",2026-05-04 21:43:11
3403-0015-0300,0,841298122438,"3403 Series 3mm HTD Pitch Timing Belt (15mm Width, 300mm Pitch Length, 100 Tooth)",2026-05-04 21:43:11
3403-0015-0636,0,841298122490,"3403 Series 3mm HTD Pitch Timing Belt (15mm Width, 636mm Pitch Length, 212 Tooth)",2026-05-04 21:43:11
3403-0015-0732,0,841298122513,"3403 Series 3mm HTD Pitch Timing Belt (15mm Width, 732mm Pitch Length, 244 Tooth)",2026-05-04 21:43:11
3405-0005-0095,0,841298122971,"3405 Series Round Belt (5mm Cord Diameter, 95mm Circumference)",2026-05-04 21:43:11
3405-0005-0414,0,841298123053,"3405 Series Round Belt (5mm Cord Diameter, 414mm Circumference)",2026-05-04 21:43:11
3405-0005-0494,0,841298123077,"3405 Series Round Belt (5mm Cord Diameter, 494mm Circumference)",2026-05-04 21:43:11
3405-0005-0533,0,841298123084,"3405 Series Round Belt (5mm Cord Diameter, 533mm Circumference)",2026-05-04 21:43:11
3405-0005-0653,0,841298123114,"3405 Series Round Belt (5mm Cord Diameter, 653mm Circumference)",2026-05-04 21:43:11
3408-0001-0001,0,841298125194,3408 Series V-Groove Pulley - 2 Pack,2026-05-04 21:43:11
3410-0025-0038,0,841298126788,"3410 Series Servo Mount Winch Pulley (25T Spline, 38mm Spool Diameter)",2026-05-04 21:43:11
3412-0009-0215,0,841298127471,"5mm Pitch HTD Timing Belt (9mm Width, 215mm Pitch Length, 43 Tooth)",2026-05-04 21:43:11
3412-0009-0245,0,841298128089,"5mm Pitch HTD Timing Belt (9mm Width, 245mm Pitch Length, 49 Tooth)",2026-05-04 21:43:11
3412-0009-0265,0,841298127488,"5mm Pitch HTD Timing Belt (9mm Width, 265mm Pitch Length, 53 Tooth)",2026-05-04 21:43:11
3412-0009-0320,0,841298128119,"5mm Pitch HTD Timing Belt (9mm Width, 320mm Pitch Length, 64 Tooth)",2026-05-04 21:43:11
3412-0009-0390,0,841298128157,"5mm Pitch HTD Timing Belt (9mm Width, 390mm Pitch Length, 78 Tooth)",2026-05-04 21:43:11
3412-0009-0445,0,841298128171,"5mm Pitch HTD Timing Belt (9mm Width, 445mm Pitch Length, 89 Tooth)",2026-05-04 21:43:11
3412-0009-0520,0,841298128201,"5mm Pitch HTD Timing Belt (9mm Width, 520mm Pitch Length, 104 Tooth)",2026-05-04 21:43:11
3412-0009-0535,0,841298128218,"5mm Pitch HTD Timing Belt (9mm Width, 535mm Pitch Length, 107 Tooth)",2026-05-04 21:43:11
3412-0009-0560,0,841298127549,"5mm Pitch HTD Timing Belt (9mm Width, 560mm Pitch Length, 112 Tooth)",2026-05-04 21:43:11
3412-0009-0700,0,841298127563,"5mm Pitch HTD Timing Belt (9mm Width, 700mm Pitch Length, 140 Tooth)",2026-05-04 21:43:11
3412-0009-0840,0,841298127594,"5mm Pitch HTD Timing Belt (9mm Width, 840mm Pitch Length, 168 Tooth)",2026-05-04 21:43:11
3413-0001-0002,0,841298116864,"Acetal Timing Belt Idler (6mm ID x 12mm OD, 18mm Width, 1-2) - 2 Pack",2026-05-04 21:43:11
3414-1006-0016,0,841298127662,"3414 Series 5mm HTD Pitch Set Screw Pinion Timing Belt Pulley (6mm D-Bore, 16 Tooth)",2026-05-04 21:43:11
3417-1006-0016,0,841298130655,"3417 Series 5mm HTD Pitch Set-Screw Pinion Timing Belt Pulley (6mm D-Bore, 16 Tooth)",2026-05-04 21:43:11
3417-4008-0016,0,841298135278,"3417 Series 5mm HTD Pitch Set-Screw Pinion Timing Belt Pulley (8mm REX® Bore, 16 Tooth)",2026-05-04 21:43:11
3422-0006-0020,0,841298135148,"2mm Pitch GT2 Pinion Timing Pulley (6mm Bore, 20 Tooth)",2026-05-04 21:43:11
3422-4008-0040,0,841298141132,"2mm Pitch GT2 Pinion Timing Pulley (8mm REX® Bore, 40 Tooth)",2026-05-04 21:43:11
3423-0006-0232,0,841298136398,"2mm Pitch GT2 Timing Belt (6mm Width, 232mm Pitch Length, 116 Tooth)",2026-05-04 21:43:11
3423-0006-0264,0,841298136404,"2mm Pitch GT2 Timing Belt (6mm Width, 264mm Pitch Length, 132 Tooth)",2026-05-04 21:43:11
3423-0006-0280,0,841298140302,"2mm Pitch GT2 Timing Belt (6mm Width, 280mm Pitch Length, 140 Tooth)",2026-05-04 21:43:11
3423-0006-0408,0,841298136435,"2mm Pitch GT2 Timing Belt (6mm Width, 408mm Pitch Length, 204 Tooth)",2026-05-04 21:43:11
3423-0006-0456,0,841298140333,"2mm Pitch GT2 Timing Belt (6mm Width, 456mm Pitch Length, 228 Tooth)",2026-05-04 21:43:11
3423-0006-0504,0,841298136480,"2mm Pitch GT2 Timing Belt (6mm Width, 504mm Pitch Length, 252 Tooth)",2026-05-04 21:43:11
3423-0006-0600,0,841298140357,"2mm Pitch GT2 Timing Belt (6mm Width, 600mm Pitch Length, 300 Tooth)",2026-05-04 21:43:11
3428-0019-0004,0,841298138125,"Dual-Bearing Timing Belt Idler Pulley (4mm Bore, 18.5mm Diameter, 9.5mm Inside Width)",2026-05-04 21:43:11
3428-0019-0006,0,841298138132,"Dual-Bearing Timing Belt Idler Pulley (6mm Bore, 18.5mm Diameter, 9.5mm Inside Width)",2026-05-04 21:43:11
3429-0002-0002,0,841298137807,Belt-Drive Upgrade Pack for 3210-0002-0002 Cable-Driven 2 Stage Viper-Slide Kit,2026-05-04 21:43:11
3429-0002-0004,0,841298136671,Belt-Drive Upgrade Pack for 3210-0002-0004 Cable-Driven 4 Stage Viper-Slide Kit,2026-05-04 21:43:11
3501-0804-0200,0,841298124838,"3501 Series Lead Screw (8mm Lead, 4 Start, 200mm Length)",2026-05-04 21:43:11
3501-0804-1250,0,841298116208,"3501 Series Lead Screw (8mm Lead, 4 Start, 1250mm Length)",2026-05-04 21:43:11
3504-0804-2109,0,841298128881,"3504 Series Lead Screw Clamping Collar (8mm Lead, 4 Start, 21mm OD, 9mm Length)",2026-05-04 21:43:11
3601-0014-0072,0,841298114617,"3601 Series Rhino Wheel (14mm Bore, 72mm Diameter)",2026-05-04 21:43:11
3604-0014-0096,0,841298114679,"3604 Series Omni Wheel (14mm Bore, 96mm Diameter)",2026-05-04 21:43:11
3605-0014-0056,0,841298116840,3605 Series Hurricane Rim - 2 Pack,2026-05-04 21:43:11
3606-0000-0100,0,841298126467,"3606 Series Mecanum Wheel (Left Slant, Bearing Supported Rollers, 100mm Diameter)",2026-05-04 21:43:11
3607-0014-0048,0,841298119308,"3607 Series Disc Wheel (14mm Bore, 48mm Diameter, Black) - 2 Pack",2026-05-04 21:43:11
3611-0040-0104,0,841298139849,GripForce™ Mecanum Wheel Roller Pack (40A),2026-05-04 21:43:11
3612-0014-0096,0,841298127167,"3612 Series Thin Rhino Wheel (14mm Bore, 96mm Diameter)",2026-05-04 21:43:11
3613-0014-0072,0,841298129185,"GripForce Gecko™ Wheel (14mm Bore, 72mm Diameter)",2026-05-04 21:43:11
3616-0014-0144,0,,"Wasteland Wheel (144mm Diameter, 52mm Width)",2026-05-04 21:43:11
3624-4008-0032,0,841298139603,"3624 Series Omni Wheel (8mm REX® Bore, 32mm Diameter, 50A Durometer)",2026-05-04 21:43:11
3626-0014-0096,0,841298139993,"Hogback Traction Wheel (96mm Diameter, 50A Durometer)",2026-05-04 21:43:11
3627-0008-3212,0,841298137173,"U-Wheel (8mm Groove, 8mm ID Bearings, 32mm Diameter) - 2 Pack",2026-05-04 21:43:11
3628-0032-0082,0,841298140845,"Steel Flywheel (82mm Diameter, 152g, 1651 g·cm²)",2026-05-04 21:43:11
3704-0043-0001,0,841298124555,3704 Series Plastic goRAIL® Slide Plate (43-1) - 2 Pack,2026-05-04 21:43:11
3800-0002-0300,0,841298127150,"XT30 Lead (MH-FC, 300mm Length)",2026-05-04 21:43:11
3800-0003-0100,0,841298124357,"Tamiya Lead (MH-FC, 100mm Length)",2026-05-04 21:43:11
3800-0013-0300,0,841298124432,"3.5mm Bullet Lead (MH-FC, 300mm Length)",2026-05-04 21:43:11
3800-0017-0100,0,841298123145,"3-Pos TJC8 Servo Lead (MH-FC, 100mm Length) - 2 Pack",2026-05-04 21:43:11
3800-0017-0300,0,841298123169,"3-Pos TJC8 Servo Lead (MH-FC, 300mm Length) - 2 Pack",2026-05-04 21:43:11
3801-0113-0300,0,841298131577,XT30 [FH-MC] to 3.5mm Bullet [MH-FC] Adaptor (300mm Length),2026-05-04 21:43:11
3801-0121-0060,0,841298126962,XT30 [FH-MC] to 2-Pos TJC8 Power Connector [MH-FC] Adaptor (60mm Length),2026-05-04 21:43:11
3801-0502-0060,0,,Anderson Powerpole to Female XT30 Adaptor,2026-05-04 21:43:11
3801-0513-0100,0,841298115973,Anderson Powerpole to 3.5mm Bullet [MH-FC] Adaptor (100mm Length),2026-05-04 21:43:11
3801-0709-0600,0,841298128249,4-Pos JST PH [MH-FC] to 4-Pos JST XH [MH-FC] Adaptor (600mm Length),2026-05-04 21:43:11
3801-0919-0300,0,841298124982,"Encoder Breakout Cable (4-Pos JST XH [MH-FC] to 4 x 1-Pos TJC8 [MH-FC], 300mm Length)",2026-05-04 21:43:11
3801-4002-0300,0,,XT90 [FH-MC] to XT30 [MH-FC] Adaptor (300mm Length),2026-05-04 21:43:11
3802-0102-0150,0,841298135933,"XT30 Extension (FH-MC to MH-FC, 150mm Length)",2026-05-04 21:43:11
3802-1213-0300,0,841298115997,"3.5mm Bullet Extension (MH-FC to FH-MC, 300mm Length)",2026-05-04 21:43:11
3802-1718-0300,0,841298123183,"Servo Extension (3-Pos TJC8, MH-FC to FH-MC, 300mm Length)",2026-05-04 21:43:11
3802-2745-4527,0,841298134684,4 Channel Servo Extension via CAT6,2026-05-04 21:43:11
3804-0707-0600,0,841298137562,"JST PH Cable (4-Pos JST PH, MH-FC to MH-FC, 600mm Length)",2026-05-04 21:43:11
3804-1717-0300,0,841298123251,"3-Pos TJC8 Servo Extension (MH-FC to MH-FC, 300mm Length)",2026-05-04 21:43:11
3804-1919-0020,0,841298122797,"Female to Female Jumper Wire (Multicolor, 20cm Length) - 40 Pack",2026-05-04 21:43:11
3804-2020-0010,0,841298122810,"Male to Male Jumper Wire (Multicolor, 10cm Length) - 40 Pack",2026-05-04 21:43:11
3804-5454-0300,0,841298140050,"JST PH Cable (3-Pos JST PH, MH-FC to MH-FC, 300mm Length)",2026-05-04 21:43:11
3805-1213-0150,0,841298125989,"3.5mm Bullet Y-Harness (Single FH-MC to Dual MH-FC, 150mm Length)",2026-05-04 21:43:11
3805-1602-0150,0,841298130945,"XT60 to XT30 Y-Harness (Single FH-MC XT60 to Dual MH-FC XT30, 150mm Length)",2026-05-04 21:43:11
3805-1718-0600,0,841298123299,"3-Pos TJC8 Servo Y-Harness (Single MH-FC to Dual FH-MC, 600mm Length)",2026-05-04 21:43:11
3807-0112-0300,0,,12AWG Premium Silicone-Jacket Wire (3M Length),2026-05-04 21:43:11
3807-0116-0300,0,,16AWG Premium Silicone-Jacket Wire (3M Length),2026-05-04 21:43:11
3938200,0,,HSR-M9382TH Servo,2026-05-04 21:43:11
4000-0006-0250,0,841298116055,"4000 Series Clamping Shaft Coupler (6mm Round Bore to 0.250"" Round Bore)",2026-05-04 21:43:11
4002-0005-0005,0,841298114709,4002 Series Flexible Clamping Shaft Coupler (5mm Round Bore to 5mm Round Bore),2026-05-04 21:43:11
4002-0006-0006,0,841298114730,4002 Series Flexible Clamping Shaft Coupler (6mm Round Bore to 6mm Round Bore),2026-05-04 21:43:11
4005-0016-0001,0,841298124395,4005 Series Pattern Mount Universal Joint (16-1),2026-05-04 21:43:11
4007-4008-4008,0,841298127624,4007 Series Hyper Coupler (8mm REX® Bore to 8mm REX® Bore),2026-05-04 21:43:11
4100-0608-0100,0,841298111944,"4100 Series Aluminum Tube (6mm ID x 8mm OD, 100mm Length)",2026-05-04 21:43:11
4100-0810-0200,0,841298112019,"4100 Series Aluminum Tube (8mm ID x 10mm OD, 200mm Length)",2026-05-04 21:43:11
4100-1012-0200,0,841298112064,"4100 Series Aluminum Tube (10mm ID x 12mm OD, 200mm Length)",2026-05-04 21:43:11
4100-1214-0050,0,841298112088,"4100 Series Aluminum Tube (12mm ID x 14mm OD, 50mm Length)",2026-05-04 21:43:11
4100-1214-0200,0,841298112118,"4100 Series Aluminum Tube (12mm ID x 14mm OD, 200mm Length)",2026-05-04 21:43:11
4101-1014-0300,0,841298120571,"4101 Series Aluminum Tube for Lead Screw Square Nut (10mm ID x 14mm OD, 300mm Length)",2026-05-04 21:43:11
4103-0032-0043,0,841298116888,4103 Series goTUBE (43mm Length),2026-05-04 21:43:11
4103-0032-0096,0,841298116918,4103 Series goTUBE (96mm Length),2026-05-04 21:43:11
4103-0032-0192,0,841298116949,4103 Series goTUBE (192mm Length),2026-05-04 21:43:11
4103-0032-0216,0,841298134325,4103 Series goTUBE (216mm Length),2026-05-04 21:43:11
4103-0032-0336,0,841298116970,4103 Series goTUBE (336mm Length),2026-05-04 21:43:11
4200-0090-0025,0,841298115287,2.5mm Hex L-Key,2026-05-04 21:43:11
4207-0001-0033,0,841298127860,3.3mm Cobalt Steel Drill Bit,2026-05-04 21:43:11
44370,0,737547497276,Hitec RDX2 200 AC/DC Multi-Function Smart Charger,2026-05-04 21:43:11
5000-0002-0001,0,841298122629,5000 Series 12VDC Motor,2026-05-04 21:43:11
5023332001,0,,Wera Tools 2.5mm Hex-Plus T-Handle,2026-05-04 21:43:11
5027103001,0,841298114808,Wera Tools 2.5mm Ball-End Hex-Plus L-Key,2026-05-04 21:43:11
5100-0101-0053,0,841298122605,"5100 Series Spur Gearbox (53:1 Ratio, 1-1)",2026-05-04 21:43:11
5103-0024-0003,0,,"5103 Series Planetary Gearbox (3.7:1 Ratio, 24mm Length 8mm REX® Shaft)",2026-05-04 21:43:11
5103-0024-0027,0,841298131621,"5103 Series Planetary Gearbox (26.9:1 Ratio, 24mm Length 8mm REX™ Shaft)",2026-05-04 21:43:11
5103-0024-0071,0,841298131645,"5103 Series Planetary Gearbox (71.2:1 Ratio, 24mm Length 8mm REX® Shaft)",2026-05-04 21:43:11
5103-0024-0188,0,841298131676,"5103 Series Planetary Gearbox (188:1 Ratio, 24mm Length 8mm REX® Shaft)",2026-05-04 21:43:11
5201-0002-0026,0,841298122087,"5201 Series, 26:1 Ratio, 210 RPM Spur Gear Motor w/Encoder",2026-05-04 21:43:11
5202-0002-0001,0,841298130648,"5202 Series Yellow Jacket Motor (1:1 Ratio, 24mm Length 6mm D-Shaft, 6000 RPM, 3.3 - 5V Encoder)",2026-05-04 21:43:11
5202-0002-0051,0,841298123916,"5202 Series Yellow Jacket Planetary Gear Motor (50.9:1 Ratio, 117 RPM, 3.3 - 5V Encoder)",2026-05-04 21:43:11
5202-0002-0071,0,841298123923,"5202 Series Yellow Jacket Planetary Gear Motor (71.2:1 Ratio, 84 RPM, 3.3 - 5V Encoder)",2026-05-04 21:43:11
5202-0002-0188,0,841298123954,"5202 Series Yellow Jacket Planetary Gear Motor (188:1 Ratio, 30 RPM, 3.3 - 5V Encoder)",2026-05-04 21:43:11
5202-2402-0014,0,841298135407,"5202 Series Yellow Jacket Planetary Gear Motor (13.7:1 Ratio, 24mm Length 6mm D-Shaft, 435 RPM, ⌀36mm Gearbox, 3.3 - 5V Encoder)",2026-05-04 21:43:11
5202-2402-0027,0,841298135421,"5202 Series Yellow Jacket Planetary Gear Motor (26.9:1 Ratio, 24mm Length 6mm D-Shaft, 223 RPM, ⌀36mm Gearbox, 3.3 - 5V Encoder)",2026-05-04 21:43:11
5203-2402-0001,0,841298130839,"5203 Series Yellow Jacket Motor (1:1 Ratio, 24mm Length 8mm REX® Shaft, 6000 RPM, 3.3 - 5V Encoder)",2026-05-04 21:43:11
5203-2402-0003,0,841298127242,"5203 Series Yellow Jacket Planetary Gear Motor (3.7:1 Ratio, 24mm Length 8mm REX® Shaft, 1620 RPM, 3.3 - 5V Encoder)",2026-05-04 21:43:11
5203-2402-0100,0,841298127310,"5203 Series Yellow Jacket Planetary Gear Motor (99.5:1 Ratio, 24mm Length 8mm REX® Shaft, 60 RPM, 3.3 - 5V Encoder)",2026-05-04 21:43:11
5203-2402-0188,0,841298127334,"5203 Series Yellow Jacket Planetary Gear Motor (188:1 Ratio, 24mm Length 8mm REX® Shaft, 30 RPM, 3.3 - 5V Encoder)",2026-05-04 21:43:11
5204-8002-0019,0,841298127372,"5204 Series Yellow Jacket Planetary Gear Motor (19.2:1 Ratio, 80mm Length 8mm REX® Shaft, 312 RPM, 3.3 - 5V Encoder)",2026-05-04 21:43:11
5204-8002-0100,0,841298127419,"5204 Series Yellow Jacket Planetary Gear Motor (99.5:1 Ratio, 80mm Length 8mm REX® Shaft, 60 RPM, 3.3 - 5V Encoder)",2026-05-04 21:43:11
5303-2402-0051,0,841298134165,"5303 Series Saturn Planetary Gear Motor (50.9:1 Ratio, 24mm Length 8mm REX™ Shaft, 360 RPM, 3.3 - 5V Encoder)",2026-05-04 21:43:11
5303-2402-0100,0,841298134189,"5303 Series Saturn Planetary Gear Motor (99.5:1 Ratio, 24mm Length 8mm REX® Shaft, 180 RPM, 3.3 - 5V Encoder)",2026-05-04 21:43:11
5304-8002-0188,0,841298134301,"5304 Series Saturn Planetary Gear Motor (188:1 Ratio, 80mm Length 8mm REX® Shaft, 100 RPM, 3.3 - 5V Encoder)",2026-05-04 21:43:11
HLS12-100100-6V,0,,"Hitec Linear Servo (100mm Stroke, 16.1mm/sec, 5.2kg Thrust)",2026-05-04 21:43:11
HLS12-30100-6V,0,,"Hitec Linear Servo (30mm Stroke, 16.1mm/sec, 5.2kg Thrust)",2026-05-04 21:43:11
HLS12-30210-6V,0,,"Hitec Linear Servo (30mm Stroke, 7.5mm/sec, 12.4kg Thrust)",2026-05-04 21:43:11
HLS12-50210-6V,0,,"Hitec Linear Servo (50mm Stroke, 7.5mm/sec, 12.4kg Thrust)",2026-05-04 21:43:11
IMC410,0,841298123343,RoboClaw Solo 60A Motor Controller,2026-05-04 21:43:11
IMC413,0,841298101570,RoboClaw 2x30A Motor Controller,2026-05-04 21:43:11
